<ImportExportXml xmlns:xsi="http://www.w3.org/2001/XMLSchema-instance">
  <Entities></Entities>
  <Roles></Roles>
  <Workflows>
    <Workflow WorkflowId="{99018fce-bde9-ee11-a203-7c1e52187f7f}" Name="Travel Location Seeker Flow">
      <JsonFileName>/Workflows/TravelLocationSeekerFlow-99018FCE-BDE9-EE11-A203-7C1E52187F7F.json</JsonFileName>
      <Type>1</Type>
      <Subprocess>0</Subprocess>
      <Category>5</Category>
      <Mode>0</Mode>
      <Scope>4</Scope>
      <OnDemand>0</OnDemand>
      <TriggerOnCreate>0</TriggerOnCreate>
      <TriggerOnDelete>0</TriggerOnDelete>
      <AsyncAutodelete>0</AsyncAutodelete>
      <SyncWorkflowLogOnFailure>0</SyncWorkflowLogOnFailure>
      <StateCode>1</StateCode>
      <StatusCode>2</StatusCode>
      <RunAs>1</RunAs>
      <IsTransacted>1</IsTransacted>
      <IntroducedVersion>1.0.0.0</IntroducedVersion>
      <IsCustomizable>1</IsCustomizable>
      <IsCustomProcessingStepAllowedForOtherPublishers>1</IsCustomProcessingStepAllowedForOtherPublishers>
      <PrimaryEntity>none</PrimaryEntity>
      <LocalizedNames>
        <LocalizedName languagecode="1033" description="Travel Location Seeker Flow" />
      </LocalizedNames>
    </Workflow>
    <Workflow WorkflowId="{9a018fce-bde9-ee11-a203-7c1e52187f7f}" Name="Travel Itenery Generator Flow">
      <JsonFileName>/Workflows/TravelIteneryGeneratorFlow-9A018FCE-BDE9-EE11-A203-7C1E52187F7F.json</JsonFileName>
      <Type>1</Type>
      <Subprocess>0</Subprocess>
      <Category>5</Category>
      <Mode>0</Mode>
      <Scope>4</Scope>
      <OnDemand>0</OnDemand>
      <TriggerOnCreate>0</TriggerOnCreate>
      <TriggerOnDelete>0</TriggerOnDelete>
      <AsyncAutodelete>0</AsyncAutodelete>
      <SyncWorkflowLogOnFailure>0</SyncWorkflowLogOnFailure>
      <StateCode>1</StateCode>
      <StatusCode>2</StatusCode>
      <RunAs>1</RunAs>
      <IsTransacted>1</IsTransacted>
      <IntroducedVersion>1.0.0.0</IntroducedVersion>
      <IsCustomizable>1</IsCustomizable>
      <IsCustomProcessingStepAllowedForOtherPublishers>1</IsCustomProcessingStepAllowedForOtherPublishers>
      <PrimaryEntity>none</PrimaryEntity>
      <LocalizedNames>
        <LocalizedName languagecode="1033" description="Travel Itenery Generator Flow" />
      </LocalizedNames>
    </Workflow>
  </Workflows>
  <FieldSecurityProfiles></FieldSecurityProfiles>
  <Templates />
  <EntityMaps />
  <EntityRelationships />
  <OrganizationSettings />
  <optionsets />
  <CustomControls />
  <EntityDataProviders />
  <CanvasApps>
    <CanvasApp>
      <Name>priyan_traveladvisor_c9e3a</Name>
      <AppVersion>2024-03-24T09:40:35Z</AppVersion>
      <Status>Ready</Status>
      <CreatedByClientVersion>3.24032.26.0</CreatedByClientVersion>
      <MinClientVersion>3.24032.26.0</MinClientVersion>
      <Tags>{"primaryDeviceWidth":"1366","primaryDeviceHeight":"768","supportsPortrait":"true","supportsLandscape":"true","primaryFormFactor":"Tablet","showStatusBar":"false","publisherVersion":"3.24032.26","minimumRequiredApiVersion":"2.2.0","hasComponent":"true","hasUnlockedComponent":"true","isUnifiedRootApp":"false","offlineLargeFilesSupport":"false","sienaVersion":"20240324T092141Z-3.24032.26.0"}</Tags>
      <IsCdsUpgraded>0</IsCdsUpgraded>
      <GalleryItemId xsi:nil="true"></GalleryItemId>
      <BackgroundColor>RGBA(0,176,240,1)</BackgroundColor>
      <DisplayName>Travel Advisor</DisplayName>
      <Description></Description>
      <CommitMessage></CommitMessage>
      <Publisher></Publisher>
      <AuthorizationReferences>[]</AuthorizationReferences>
      <ConnectionReferences>{"9598b048-5768-4e3b-8d31-2167dfcf05a0":{"id":"/providers/microsoft.powerapps/apis/shared_logicflows","displayName":"Logic flows","iconUri":"https://connectoricons-prod.azureedge.net/releases/v1.0.1680/1.0.1680.3652/logicflows/icon.png","dataSources":["TravelIteneryGeneratorFlow"],"dependencies":["0dbf914a-c781-443e-99b4-e836e9af8a03"],"dependents":[],"parameterHints":{"workflowName":{"value":"1019ec5f-7287-47af-8f80-51711c95b55f"},"workflowEntityId":{"value":"9a018fce-bde9-ee11-a203-7c1e52187f7f"},"workflowDisplayName":{"value":"Travel Itenery Generator Flow"},"0dbf914a-c781-443e-99b4-e836e9af8a03":{"value":"shared_googlegemini"}},"parameterHintsV2":{"workflowName":{"value":"1019ec5f-7287-47af-8f80-51711c95b55f"},"workflowEntityId":{"value":"9a018fce-bde9-ee11-a203-7c1e52187f7f"},"workflowDisplayName":{"value":"Travel Itenery Generator Flow"},"shared_googlegemini":{"value":"0dbf914a-c781-443e-99b4-e836e9af8a03"}},"isOnPremiseConnection":false,"bypassConsent":false,"dataSets":{},"apiTier":"Standard","actions":["Run"]},"0dbf914a-c781-443e-99b4-e836e9af8a03":{"id":"/providers/microsoft.powerapps/apis/shared_googlegemini","displayName":"Google Gemini (Independent Publisher)","iconUri":"https://connectoricons-prod.azureedge.net/releases/v1.0.1675/1.0.1675.3608/googlegemini/icon.png","dataSources":[],"dependencies":[],"dependents":["9598b048-5768-4e3b-8d31-2167dfcf05a0","2dad0e81-e578-40fc-a5fb-73b273c52aa6"],"parameterHints":{},"parameterHintsV2":{},"isOnPremiseConnection":false,"bypassConsent":false,"dataSets":{},"apiTier":"Premium"},"2dad0e81-e578-40fc-a5fb-73b273c52aa6":{"id":"/providers/microsoft.powerapps/apis/shared_logicflows","displayName":"Logic flows","iconUri":"https://connectoricons-prod.azureedge.net/releases/v1.0.1680/1.0.1680.3652/logicflows/icon.png","dataSources":["TravelLocationSeekerFlow"],"dependencies":["0dbf914a-c781-443e-99b4-e836e9af8a03"],"dependents":[],"parameterHints":{"workflowName":{"value":"7f8ebf43-ebd6-4c92-9593-a9d6b42fcfca"},"workflowEntityId":{"value":"99018fce-bde9-ee11-a203-7c1e52187f7f"},"workflowDisplayName":{"value":"Travel Location Seeker Flow"},"0dbf914a-c781-443e-99b4-e836e9af8a03":{"value":"shared_googlegemini_1"}},"parameterHintsV2":{"workflowName":{"value":"7f8ebf43-ebd6-4c92-9593-a9d6b42fcfca"},"workflowEntityId":{"value":"99018fce-bde9-ee11-a203-7c1e52187f7f"},"workflowDisplayName":{"value":"Travel Location Seeker Flow"},"shared_googlegemini_1":{"value":"0dbf914a-c781-443e-99b4-e836e9af8a03"}},"isOnPremiseConnection":false,"bypassConsent":false,"dataSets":{},"apiTier":"Standard","actions":["Run"]}}</ConnectionReferences>
      <DatabaseReferences>{}</DatabaseReferences>
      <AppComponents>[]</AppComponents>
      <AppComponentDependencies>[]</AppComponentDependencies>
      <CanConsumeAppPass>1</CanConsumeAppPass>
      <CanvasAppType>0</CanvasAppType>
      <BypassConsent>0</BypassConsent>
      <EmbeddedApp xsi:nil="true"></EmbeddedApp>
      <IntroducedVersion>1.0</IntroducedVersion>
      <CdsDependencies>{"cdsdependencies":[]}</CdsDependencies>
      <IsCustomizable>1</IsCustomizable>
      <BackgroundImageUri>/CanvasApps/priyan_traveladvisor_c9e3a_BackgroundImageUri</BackgroundImageUri>
      <DocumentUri>/CanvasApps/priyan_traveladvisor_c9e3a_DocumentUri.msapp</DocumentUri>
      <AdditionalUris>
        <AdditionalUri>/CanvasApps/priyan_traveladvisor_c9e3a_AdditionalUris0_identity.json</AdditionalUri>
      </AdditionalUris>
    </CanvasApp>
  </CanvasApps>
  <connectionreferences>
    <connectionreference connectionreferencelogicalname="priyan_sharedgooglegemini_1a6d4">
      <connectionreferencedisplayname>Google Gemini (Independent Publisher) AITravelAdvisor-1a6d4</connectionreferencedisplayname>
      <connectorid>/providers/Microsoft.PowerApps/apis/shared_googlegemini</connectorid>
      <iscustomizable>1</iscustomizable>
      <statecode>0</statecode>
      <statuscode>1</statuscode>
    </connectionreference>
    <connectionreference connectionreferencelogicalname="priyan_sharedgooglegemini_76923">
      <connectionreferencedisplayname>Google Gemini (Independent Publisher) AITravelAdvisor-76923</connectionreferencedisplayname>
      <connectorid>/providers/Microsoft.PowerApps/apis/shared_googlegemini</connectorid>
      <iscustomizable>1</iscustomizable>
      <statecode>0</statecode>
      <statuscode>1</statuscode>
    </connectionreference>
  </connectionreferences>
  <Languages>
    <Language>1033</Language>
  </Languages>
</ImportExportXml>